1,2,3,4,5
C,I,G,A,R
R,E,B,U,T
S,I,S,S,Y
H,U,M,P,H
A,W,A,K,E
B,L,U,S,H
F,O,C,A,L
E,V,A,D,E
N,A,V,A,L
S,E,R,V,E
H,E,A,T,H
D,W,A,R,F
M,O,D,E,L
K,A,R,M,A
S,T,I,N,K
G,R,A,D,E
Q,U,I,E,T
B,E,N,C,H
A,B,A,T,E
F,E,I,G,N
M,A,J,O,R
D,E,A,T,H
F,R,E,S,H
C,R,U,S,T
S,T,O,O,L
C,O,L,O,N
A,B,A,S,E
M,A,R,R,Y
R,E,A,C,T
B,A,T,T,Y
P,R,I,D,E
F,L,O,S,S
H,E,L,I,X
C,R,O,A,K
S,T,A,F,F
P,A,P,E,R
U,N,F,E,D
W,H,E,L,P
T,R,A,W,L
O,U,T,D,O
A,D,O,B,E
C,R,A,Z,Y
S,O,W,E,R
R,E,P,A,Y
D,I,G,I,T
C,R,A,T,E
C,L,U,C,K
S,P,I,K,E
M,I,M,I,C
P,O,U,N,D
M,A,X,I,M
L,I,N,E,N
U,N,M,E,T
F,L,E,S,H
B,O,O,B,Y
F,O,R,T,H
F,I,R,S,T
S,T,A,N,D
B,E,L,L,Y
I,V,O,R,Y
S,E,E,D,Y
P,R,I,N,T
Y,E,A,R,N
D,R,A,I,N
B,R,I,B,E
S,T,O,U,T
P,A,N,E,L
C,R,A,S,S
F,L,U,M,E
O,F,F,A,L
A,G,R,E,E
E,R,R,O,R
S,W,I,R,L
A,R,G,U,E
B,L,E,E,D
D,E,L,T,A
F,L,I,C,K
T,O,T,E,M
W,O,O,E,R
F,R,O,N,T
S,H,R,U,B
P,A,R,R,Y
B,I,O,M,E
L,A,P,E,L
S,T,A,R,T
G,R,E,E,T
G,O,N,E,R
G,O,L,E,M
L,U,S,T,Y
L,O,O,P,Y
R,O,U,N,D
A,U,D,I,T
L,Y,I,N,G
G,A,M,M,A
L,A,B,O,R
I,S,L,E,T
C,I,V,I,C
F,O,R,G,E
C,O,R,N,Y
M,O,U,L,T
B,A,S,I,C
S,A,L,A,D
A,G,A,T,E
S,P,I,C,Y
S,P,R,A,Y
E,S,S,A,Y
F,J,O,R,D
S,P,E,N,D
K,E,B,A,B
G,U,I,L,D
A,B,A,C,K
M,O,T,O,R
A,L,O,N,E
H,A,T,C,H
H,Y,P,E,R
T,H,U,M,B
D,O,W,R,Y
O,U,G,H,T
B,E,L,C,H
D,U,T,C,H
P,I,L,O,T
T,W,E,E,D
C,O,M,E,T
J,A,U,N,T
E,N,E,M,A
S,T,E,E,D
A,B,Y,S,S
G,R,O,W,L
F,L,I,N,G
D,O,Z,E,N
B,O,O,Z,Y
E,R,O,D,E
W,O,R,L,D
G,O,U,G,E
C,L,I,C,K
B,R,I,A,R
G,R,E,A,T
A,L,T,A,R
P,U,L,P,Y
B,L,U,R,T
C,O,A,S,T
D,U,C,H,Y
G,R,O,I,N
F,I,X,E,R
G,R,O,U,P
R,O,G,U,E
B,A,D,L,Y
S,M,A,R,T
P,I,T,H,Y
G,A,U,D,Y
C,H,I,L,L
H,E,R,O,N
V,O,D,K,A
F,I,N,E,R
S,U,R,E,R
R,A,D,I,O
R,O,U,G,E
P,E,R,C,H
R,E,T,C,H
W,R,O,T,E
C,L,O,C,K
T,I,L,D,E
S,T,O,R,E
P,R,O,V,E
B,R,I,N,G
S,O,L,V,E
C,H,E,A,T
G,R,I,M,E
E,X,U,L,T
U,S,H,E,R
E,P,O,C,H
T,R,I,A,D
B,R,E,A,K
R,H,I,N,O
V,I,R,A,L
C,O,N,I,C
M,A,S,S,E
S,O,N,I,C
V,I,T,A,L
T,R,A,C,E
U,S,I,N,G
P,E,A,C,H
C,H,A,M,P
B,A,T,O,N
B,R,A,K,E
P,L,U,C,K
C,R,A,Z,E
G,R,I,P,E
W,E,A,R,Y
P,I,C,K,Y
A,C,U,T,E
F,E,R,R,Y
A,S,I,D,E
T,A,P,I,R
T,R,O,L,L
U,N,I,F,Y
R,E,B,U,S
B,O,O,S,T
T,R,U,S,S
S,I,E,G,E
T,I,G,E,R
B,A,N,A,L
S,L,U,M,P
C,R,A,N,K
G,O,R,G,E
Q,U,E,R,Y
D,R,I,N,K
F,A,V,O,R
A,B,B,E,Y
T,A,N,G,Y
P,A,N,I,C
S,O,L,A,R
S,H,I,R,E
P,R,O,X,Y
P,O,I,N,T
R,O,B,O,T
P,R,I,C,K
W,I,N,C,E
C,R,I,M,P
K,N,O,L,L
S,U,G,A,R
W,H,A,C,K
M,O,U,N,T
P,E,R,K,Y
C,O,U,L,D
W,R,U,N,G
L,I,G,H,T
T,H,O,S,E
M,O,I,S,T
S,H,A,R,D
P,L,E,A,T
A,L,O,F,T
S,K,I,L,L
E,L,D,E,R
F,R,A,M,E
H,U,M,O,R
P,A,U,S,E
U,L,C,E,R
U,L,T,R,A
R,O,B,I,N
C,Y,N,I,C
A,G,O,R,A
A,R,O,M,A
C,A,U,L,K
S,H,A,K,E
P,U,P,A,L
D,O,D,G,E
S,W,I,L,L
T,A,C,I,T
O,T,H,E,R
T,H,O,R,N
T,R,O,V,E
B,L,O,K,E
V,I,V,I,D
S,P,I,L,L
C,H,A,N,T
C,H,O,K,E
R,U,P,E,E
N,A,S,T,Y
M,O,U,R,N
A,H,E,A,D
B,R,I,N,E
C,L,O,T,H
H,O,A,R,D
S,W,E,E,T
M,O,N,T,H
L,A,P,S,E
W,A,T,C,H
T,O,D,A,Y
F,O,C,U,S
S,M,E,L,T
T,E,A,S,E
C,A,T,E,R
M,O,V,I,E
L,Y,N,C,H
S,A,U,T,E
A,L,L,O,W
R,E,N,E,W
T,H,E,I,R
S,L,O,S,H
P,U,R,G,E
C,H,E,S,T
D,E,P,O,T
E,P,O,X,Y
N,Y,M,P,H
F,O,U,N,D
S,H,A,L,L
H,A,R,R,Y
S,T,O,V,E
L,O,W,L,Y
S,N,O,U,T
T,R,O,P,E
F,E,W,E,R
S,H,A,W,L
N,A,T,A,L
F,I,B,R,E
C,O,M,M,A
F,O,R,A,Y
S,C,A,R,E
S,T,A,I,R
B,L,A,C,K
S,Q,U,A,D
R,O,Y,A,L
C,H,U,N,K
M,I,N,C,E
S,L,A,V,E
S,H,A,M,E
C,H,E,E,K
A,M,P,L,E
F,L,A,I,R
F,O,Y,E,R
C,A,R,G,O
O,X,I,D,E
P,L,A,N,T
O,L,I,V,E
I,N,E,R,T
A,S,K,E,W
H,E,I,S,T
S,H,O,W,N
Z,E,S,T,Y
H,A,S,T,Y
T,R,A,S,H
F,E,L,L,A
L,A,R,V,A
F,O,R,G,O
S,T,O,R,Y
H,A,I,R,Y
T,R,A,I,N
H,O,M,E,R
B,A,D,G,E
M,I,D,S,T
C,A,N,N,Y
F,E,T,U,S
B,U,T,C,H
F,A,R,C,E
S,L,U,N,G
T,I,P,S,Y
M,E,T,A,L
Y,I,E,L,D
D,E,L,V,E
B,E,I,N,G
S,C,O,U,R
G,L,A,S,S
G,A,M,E,R
S,C,R,A,P
M,O,N,E,Y
H,I,N,G,E
A,L,B,U,M
V,O,U,C,H
A,S,S,E,T
T,I,A,R,A
C,R,E,P,T
B,A,Y,O,U
A,T,O,L,L
M,A,N,O,R
C,R,E,A,K
S,H,O,W,Y
P,H,A,S,E
F,R,O,T,H
D,E,P,T,H
G,L,O,O,M
F,L,O,O,D
T,R,A,I,T
G,I,R,T,H
P,I,E,T,Y
P,A,Y,E,R
G,O,O,S,E
F,L,O,A,T
D,O,N,O,R
A,T,O,N,E
P,R,I,M,O
A,P,R,O,N
B,L,O,W,N
C,A,C,A,O
L,O,S,E,R
I,N,P,U,T
G,L,O,A,T
A,W,F,U,L
B,R,I,N,K
S,M,I,T,E
B,E,A,D,Y
R,U,S,T,Y
R,E,T,R,O
D,R,O,L,L
G,A,W,K,Y
H,U,T,C,H
P,I,N,T,O
G,A,I,L,Y
E,G,R,E,T
L,I,L,A,C
S,E,V,E,R
F,I,E,L,D
F,L,U,F,F
H,Y,D,R,O
F,L,A,C,K
A,G,A,P,E
W,E,N,C,H
V,O,I,C,E
S,T,E,A,D
S,T,A,L,K
B,E,R,T,H
M,A,D,A,M
N,I,G,H,T
B,L,A,N,D
L,I,V,E,R
W,E,D,G,E
A,U,G,U,R
R,O,O,M,Y
W,A,C,K,Y
F,L,O,C,K
A,N,G,R,Y
B,O,B,B,Y
T,R,I,T,E
A,P,H,I,D
T,R,Y,S,T
M,I,D,G,E
P,O,W,E,R
E,L,O,P,E
C,I,N,C,H
M,O,T,T,O
S,T,O,M,P
U,P,S,E,T
B,L,U,F,F
C,R,A,M,P
Q,U,A,R,T
C,O,Y,L,Y
Y,O,U,T,H
R,H,Y,M,E
B,U,G,G,Y
A,L,I,E,N
S,M,E,A,R
U,N,F,I,T
P,A,T,T,Y
C,L,I,N,G
G,L,E,A,N
L,A,B,E,L
H,U,N,K,Y
K,H,A,K,I
P,O,K,E,R
G,R,U,E,L
T,W,I,C,E
T,W,A,N,G
S,H,R,U,G
T,R,E,A,T
U,N,L,I,T
W,A,S,T,E
M,E,R,I,T
W,O,V,E,N
O,C,T,A,L
N,E,E,D,Y
C,L,O,W,N
W,I,D,O,W
I,R,O,N,Y
R,U,D,E,R
G,A,U,Z,E
C,H,I,E,F
O,N,S,E,T
P,R,I,Z,E
F,U,N,G,I
C,H,A,R,M
G,U,L,L,Y
I,N,T,E,R
W,H,O,O,P
T,A,U,N,T
L,E,E,R,Y
C,L,A,S,S
T,H,E,M,E
L,O,F,T,Y
T,I,B,I,A
B,O,O,Z,E
A,L,P,H,A
T,H,Y,M,E
E,C,L,A,T
D,O,U,B,T
P,A,R,E,R
C,H,U,T,E
S,T,I,C,K
T,R,I,C,E
A,L,I,K,E
S,O,O,T,H
R,E,C,A,P
S,A,I,N,T
L,I,E,G,E
G,L,O,R,Y
G,R,A,T,E
A,D,M,I,T
B,R,I,S,K
S,O,G,G,Y
U,S,U,R,P
S,C,A,L,D
S,C,O,R,N
L,E,A,V,E
T,W,I,N,E
S,T,I,N,G
B,O,U,G,H
M,A,R,S,H
S,L,O,T,H
D,A,N,D,Y
V,I,G,O,R
H,O,W,D,Y
E,N,J,O,Y
V,A,L,I,D
I,O,N,I,C
E,Q,U,A,L
U,N,S,E,T
F,L,O,O,R
C,A,T,C,H
S,P,A,D,E
S,T,E,I,N
E,X,I,S,T
Q,U,I,R,K
D,E,N,I,M
G,R,O,V,E
S,P,I,E,L
M,U,M,M,Y
F,A,U,L,T
F,O,G,G,Y
F,L,O,U,T
C,A,R,R,Y
S,N,E,A,K
L,I,B,E,L
W,A,L,T,Z
A,P,T,L,Y
P,I,N,E,Y
I,N,E,P,T
A,L,O,U,D
P,H,O,T,O
D,R,E,A,M
S,T,A,L,E
V,O,M,I,T
O,M,B,R,E
F,A,N,N,Y
U,N,I,T,E
S,N,A,R,L
B,A,K,E,R
T,H,E,R,E
G,L,Y,P,H
P,O,O,C,H
H,I,P,P,Y
S,P,E,L,L
F,O,L,L,Y
L,O,U,S,E
G,U,L,C,H
V,A,U,L,T
G,O,D,L,Y
T,H,R,E,W
F,L,E,E,T
G,R,A,V,E
I,N,A,N,E
S,H,O,C,K
C,R,A,V,E
S,P,I,T,E
V,A,L,V,E
S,K,I,M,P
C,L,A,I,M
R,A,I,N,Y
M,U,S,T,Y
P,I,Q,U,E
D,A,D,D,Y
Q,U,A,S,I
A,R,I,S,E
 ,D,O,N,T
E,P,O,S,T
A,G,I,N,G
V,A,L,E,T
O,P,I,U,M
A,V,E,R,T
S,T,U,C,K
R,E,C,U,T
M,U,L,C,H
G,E,N,R,E
P,L,U,M,E
R,I,F,L,E
C,O,U,N,T
I,N,C,U,R
T,O,T,A,L
W,R,E,S,T
M,O,C,H,A
D,E,T,E,R
S,T,U,D,Y
L,O,V,E,R
S,A,F,E,R
R,I,V,E,T
F,U,N,N,Y
S,M,O,K,E
M,O,U,N,D
U,N,D,U,E
S,E,D,A,N
P,A,G,A,N
S,W,I,N,E
G,U,I,L,E
G,U,S,T,Y
E,Q,U,I,P
T,O,U,G,H
C,A,N,O,E
C,H,A,O,S
C,O,V,E,T
H,U,M,A,N
U,D,D,E,R
L,U,N,C,H
B,L,A,S,T
S,T,R,A,Y
M,A,N,G,A
M,E,L,E,E
L,E,F,T,Y
Q,U,I,C,K
P,A,S,T,E
G,I,V,E,N
O,C,T,E,T
R,I,S,E,N
G,R,O,A,N
L,E,A,K,Y
G,R,I,N,D
C,A,R,V,E
L,O,O,S,E
S,A,D,L,Y
S,P,I,L,T
A,P,P,L,E
S,L,A,C,K
H,O,N,E,Y
F,I,N,A,L
S,H,E,E,N
E,E,R,I,E
M,I,N,T,Y
S,L,I,C,K
D,E,R,B,Y
W,H,A,R,F
S,P,E,L,T
C,O,A,C,H
E,R,U,P,T
S,I,N,G,E
P,R,I,C,E
S,P,A,W,N
F,A,I,R,Y
J,I,F,F,Y
F,I,L,M,Y
S,T,A,C,K
C,H,O,S,E
S,L,E,E,P
A,R,D,O,R
N,A,N,N,Y
N,I,E,C,E
W,O,O,Z,Y
H,A,N,D,Y
G,R,A,C,E
D,I,T,T,O
S,T,A,N,K
C,R,E,A,M
U,S,U,A,L
D,I,O,D,E
V,A,L,O,R
A,N,G,L,E
N,I,N,J,A
M,U,D,D,Y
C,H,A,S,E
R,E,P,L,Y
P,R,O,N,E
S,P,O,I,L
H,E,A,R,T
S,H,A,D,E
D,I,N,E,R
A,R,S,O,N
O,N,I,O,N
S,L,E,E,T
D,O,W,E,L
C,O,U,C,H
P,A,L,S,Y
B,O,W,E,L
S,M,I,L,E
E,V,O,K,E
C,R,E,E,K
L,A,N,C,E
E,A,G,L,E
I,D,I,O,T
S,I,R,E,N
B,U,I,L,T
E,M,B,E,D
A,W,A,R,D
D,R,O,S,S
A,N,N,U,L
G,O,O,D,Y
F,R,O,W,N
P,A,T,I,O
L,A,D,E,N
H,U,M,I,D
E,L,I,T,E
L,Y,M,P,H
E,D,I,F,Y
M,I,G,H,T
R,E,S,E,T
V,I,S,I,T
G,U,S,T,O
P,U,R,S,E
V,A,P,O,R
C,R,O,C,K
W,R,I,T,E
S,U,N,N,Y
L,O,A,T,H
C,H,A,F,F
S,L,I,D,E
Q,U,E,E,R
V,E,N,O,M
S,T,A,M,P
S,O,R,R,Y
S,T,I,L,L
A,C,O,R,N
A,P,I,N,G
P,U,S,H,Y
T,A,M,E,R
H,A,T,E,R
M,A,N,I,A
A,W,O,K,E
B,R,A,W,N
S,W,I,F,T
E,X,I,L,E
B,I,R,C,H
L,U,C,K,Y
F,R,E,E,R
R,I,S,K,Y
G,H,O,S,T
P,L,I,E,R
L,U,N,A,R
W,I,N,C,H
S,N,A,R,E
N,U,R,S,E
H,O,U,S,E
B,O,R,A,X
N,I,C,E,R
L,U,R,C,H
E,X,A,L,T
A,B,O,U,T
S,A,V,V,Y
T,O,X,I,N
T,U,N,I,C
P,R,I,E,D
I,N,L,A,Y
C,H,U,M,P
L,A,N,K,Y
C,R,E,S,S
E,A,T,E,R
E,L,U,D,E
C,Y,C,L,E
K,I,T,T,Y
B,O,U,L,E
M,O,R,O,N
T,E,N,E,T
P,L,A,C,E
L,O,B,B,Y
P,L,U,S,H
V,I,G,I,L
I,N,D,E,X
B,L,I,N,K
C,L,U,N,G
Q,U,A,L,M
C,R,O,U,P
C,L,I,N,K
J,U,I,C,Y
S,T,A,G,E
D,E,C,A,Y
N,E,R,V,E
F,L,I,E,R
S,H,A,F,T
C,R,O,O,K
C,L,E,A,N
C,H,I,N,A
R,I,D,G,E
V,O,W,E,L
G,N,O,M,E
S,N,U,C,K
I,C,I,N,G
S,P,I,N,Y
R,I,G,O,R
S,N,A,I,L
F,L,O,W,N
R,A,B,I,D
P,R,O,S,E
T,H,A,N,K
P,O,P,P,Y
B,U,D,G,E
F,I,B,E,R
M,O,L,D,Y
D,O,W,D,Y
K,N,E,E,L
T,R,A,C,K
C,A,D,D,Y
Q,U,E,L,L
D,U,M,P,Y
P,A,L,E,R
S,W,O,R,E
R,E,B,A,R
S,C,U,B,A
S,P,L,A,T
F,L,Y,E,R
H,O,R,N,Y
M,A,S,O,N
D,O,I,N,G
O,Z,O,N,E
A,M,P,L,Y
M,O,L,A,R
O,V,A,R,Y
B,E,S,E,T
Q,U,E,U,E
C,L,I,F,F
M,A,G,I,C
T,R,U,C,E
S,P,O,R,T
F,R,I,T,Z
E,D,I,C,T
T,W,I,R,L
V,E,R,S,E
L,L,A,M,A
E,A,T,E,N
R,A,N,G,E
W,H,I,S,K
H,O,V,E,L
R,E,H,A,B
M,A,C,A,W
S,I,G,M,A
S,P,O,U,T
V,E,R,V,E
S,U,S,H,I
D,Y,I,N,G
F,E,T,I,D
B,R,A,I,N
B,U,D,D,Y
T,H,U,M,P
S,C,I,O,N
C,A,N,D,Y
C,H,O,R,D
B,A,S,I,N
M,A,R,C,H
C,R,O,W,D
A,R,B,O,R
G,A,Y,L,Y
M,U,S,K,Y
S,T,A,I,N
D,A,L,L,Y
B,L,E,S,S
B,R,A,V,O
S,T,U,N,G
T,I,T,L,E
R,U,L,E,R
K,I,O,S,K
B,L,O,N,D
E,N,N,U,I
L,A,Y,E,R
F,L,U,I,D
T,A,T,T,Y
S,C,O,R,E
C,U,T,I,E
Z,E,B,R,A
B,A,R,G,E
M,A,T,E,Y
B,L,U,E,R
A,I,D,E,R
S,H,O,O,K
R,I,V,E,R
P,R,I,V,Y
B,E,T,E,L
F,R,I,S,K
B,O,N,G,O
B,E,G,U,N
A,Z,U,R,E
W,E,A,V,E
G,E,N,I,E
S,O,U,N,D
G,L,O,V,E
B,R,A,I,D
S,C,O,P,E
W,R,Y,L,Y
R,O,V,E,R
A,S,S,A,Y
O,C,E,A,N
B,L,O,O,M
I,R,A,T,E
L,A,T,E,R
W,O,K,E,N
S,I,L,K,Y
W,R,E,C,K
D,W,E,L,T
S,L,A,T,E
S,M,A,C,K
S,O,L,I,D
A,M,A,Z,E
H,A,Z,E,L
W,R,I,S,T
J,O,L,L,Y
G,L,O,B,E
F,L,I,N,T
R,O,U,S,E
C,I,V,I,L
V,I,S,T,A
R,E,L,A,X
C,O,V,E,R
A,L,I,V,E
B,E,E,C,H
J,E,T,T,Y
B,L,I,S,S
V,O,C,A,L
O,F,T,E,N
D,O,L,L,Y
E,I,G,H,T
J,O,K,E,R
S,I,N,C,E
E,V,E,N,T
E,N,S,U,E
S,H,U,N,T
D,I,V,E,R
P,O,S,E,R
W,O,R,S,T
S,W,E,E,P
A,L,L,E,Y
C,R,E,E,D
A,N,I,M,E
L,E,A,F,Y
B,O,S,O,M
D,U,N,C,E
S,T,A,R,E
P,U,D,G,Y
W,A,I,V,E
C,H,O,I,R
S,T,O,O,D
S,P,O,K,E
O,U,T,G,O
D,E,L,A,Y
B,I,L,G,E
I,D,E,A,L
C,L,A,S,P
S,E,I,Z,E
H,O,T,L,Y
L,A,U,G,H
S,I,E,V,E
B,L,O,C,K
M,E,A,N,T
G,R,A,P,E
N,O,O,S,E
H,A,R,D,Y
S,H,I,E,D
D,R,A,W,L
D,A,I,S,Y
P,U,T,T,Y
S,T,R,U,T
B,U,R,N,T
T,U,L,I,P
C,R,I,C,K
I,D,Y,L,L
V,I,X,E,N
F,U,R,O,R
G,E,E,K,Y
C,O,U,G,H
N,A,I,V,E
S,H,O,A,L
S,T,O,R,K
B,A,T,H,E
A,U,N,T,Y
C,H,E,C,K
P,R,I,M,E
B,R,A,S,S
O,U,T,E,R
F,U,R,R,Y
R,A,Z,O,R
E,L,E,C,T
E,V,I,C,T
I,M,P,L,Y
D,E,M,U,R
Q,U,O,T,A
H,A,V,E,N
C,A,V,I,L
S,W,E,A,R
C,R,U,M,P
D,O,U,G,H
G,A,V,E,L
W,A,G,O,N
S,A,L,O,N
N,U,D,G,E
H,A,R,E,M
P,I,T,C,H
S,W,O,R,N
P,U,P,I,L
E,X,C,E,L
S,T,O,N,Y
C,A,B,I,N
U,N,Z,I,P
Q,U,E,E,N
T,R,O,U,T
P,O,L,Y,P
E,A,R,T,H
S,T,O,R,M
U,N,T,I,L
T,A,P,E,R
E,N,T,E,R
C,H,I,L,D
A,D,O,P,T
M,I,N,O,R
F,A,T,T,Y
H,U,S,K,Y
B,R,A,V,E
F,I,L,E,T
S,L,I,M,E
G,L,I,N,T
T,R,E,A,D
S,T,E,A,L
R,E,G,A,L
G,U,E,S,T
E,V,E,R,Y
M,U,R,K,Y
S,H,A,R,E
S,P,O,R,E
H,O,I,S,T
B,U,X,O,M
I,N,N,E,R
O,T,T,E,R
D,I,M,L,Y
L,E,V,E,L
S,U,M,A,C
D,O,N,U,T
S,T,I,L,T
A,R,E,N,A
S,H,E,E,T
S,C,R,U,B
F,A,N,C,Y
S,L,I,M,Y
P,E,A,R,L
S,I,L,L,Y
P,O,R,C,H
D,I,N,G,O
S,E,P,I,A
A,M,B,L,E
S,H,A,D,Y
B,R,E,A,D
F,R,I,A,R
R,E,I,G,N
D,A,I,R,Y
Q,U,I,L,L
C,R,O,S,S
B,R,O,O,D
T,U,B,E,R
S,H,E,A,R
P,O,S,I,T
B,L,A,N,K
V,I,L,L,A
S,H,A,N,K
P,I,G,G,Y
F,R,E,A,K
W,H,I,C,H
A,M,O,N,G
F,E,C,A,L
S,H,E,L,L
W,O,U,L,D
A,L,G,A,E
L,A,R,G,E
R,A,B,B,I
A,G,O,N,Y
A,M,U,S,E
B,U,S,H,Y
C,O,P,S,E
S,W,O,O,N
K,N,I,F,E
P,O,U,C,H
A,S,C,O,T
P,L,A,N,E
C,R,O,W,N
U,R,B,A,N
S,N,I,D,E
R,E,L,A,Y
A,B,I,D,E
V,I,O,L,A
R,A,J,A,H
S,T,R,A,W
D,I,L,L,Y
C,R,A,S,H
A,M,A,S,S
T,H,I,R,D
T,R,I,C,K
T,U,T,O,R
W,O,O,D,Y
B,L,U,R,B
G,R,I,E,F
D,I,S,C,O
W,H,E,R,E
S,A,S,S,Y
B,E,A,C,H
S,A,U,N,A
C,O,M,I,C
C,L,U,E,D
C,R,E,E,P
C,A,S,T,E
G,R,A,Z,E
S,N,U,F,F
F,R,O,C,K
G,O,N,A,D
D,R,U,N,K
P,R,O,N,G
L,U,R,I,D
S,T,E,E,L
H,A,L,V,E
B,U,Y,E,R
V,I,N,Y,L
U,T,I,L,E
S,M,E,L,L
A,D,A,G,E
W,O,R,R,Y
T,A,S,T,Y
L,O,C,A,L
T,R,A,D,E
F,I,N,C,H
A,S,H,E,N
M,O,D,A,L
G,A,U,N,T
C,L,O,V,E
E,N,A,C,T
A,D,O,R,N
R,O,A,S,T
S,P,E,C,K
S,H,E,I,K
M,I,S,S,Y
G,R,U,N,T
S,N,O,O,P
P,A,R,T,Y
T,O,U,C,H
M,A,F,I,A
E,M,C,E,E
A,R,R,A,Y
S,O,U,T,H
V,A,P,I,D
J,E,L,L,Y
S,K,U,L,K
A,N,G,S,T
T,U,B,A,L
L,O,W,E,R
C,R,E,S,T
S,W,E,A,T
C,Y,B,E,R
A,D,O,R,E
T,A,R,D,Y
S,W,A,M,I
N,O,T,C,H
G,R,O,O,M
R,O,A,C,H
H,I,T,C,H
Y,O,U,N,G
A,L,I,G,N
R,E,A,D,Y
F,R,O,N,D
S,T,R,A,P
P,U,R,E,E
R,E,A,L,M
V,E,N,U,E
S,W,A,R,M
O,F,F,E,R
S,E,V,E,N
D,R,Y,E,R
D,I,A,R,Y
D,R,Y,L,Y
D,R,A,N,K
A,C,R,I,D
H,E,A,D,Y
T,H,E,T,A
J,U,N,T,O
P,I,X,I,E
Q,U,O,T,H
B,O,N,U,S
S,H,A,L,T
P,E,N,N,E
A,M,E,N,D
D,A,T,U,M
B,U,I,L,D
P,I,A,N,O
S,H,E,L,F
L,O,D,G,E
S,U,I,N,G
R,E,A,R,M
C,O,R,A,L
R,A,M,E,N
W,O,R,T,H
P,S,A,L,M
I,N,F,E,R
O,V,E,R,T
M,A,Y,O,R
O,V,O,I,D
G,L,I,D,E
U,S,A,G,E
P,O,I,S,E
R,A,N,D,Y
C,H,U,C,K
P,R,A,N,K
F,I,S,H,Y
T,O,O,T,H
E,T,H,E,R
D,R,O,V,E
I,D,L,E,R
S,W,A,T,H
S,T,I,N,T
W,H,I,L,E
B,E,G,A,T
A,P,P,L,Y
S,L,A,N,G
T,A,R,O,T
R,A,D,A,R
C,R,E,D,O
A,W,A,R,E
C,A,N,O,N
S,H,I,F,T
T,I,M,E,R
B,Y,L,A,W
S,E,R,U,M
T,H,R,E,E
S,T,E,A,K
I,L,I,A,C
S,H,I,R,K
B,L,U,N,T
P,U,P,P,Y
P,E,N,A,L
J,O,I,S,T
B,U,N,N,Y
S,H,A,P,E
B,E,G,E,T
W,H,E,E,L
A,D,E,P,T
S,T,U,N,T
S,T,O,L,E
T,O,P,A,Z
C,H,O,R,E
F,L,U,K,E
A,F,O,O,T
B,L,O,A,T
B,U,L,L,Y
D,E,N,S,E
C,A,P,E,R
S,N,E,E,R
B,O,X,E,R
J,U,M,B,O
L,U,N,G,E
S,P,A,C,E
A,V,A,I,L
S,H,O,R,T
S,L,U,R,P
L,O,Y,A,L
F,L,I,R,T
P,I,Z,Z,A
C,O,N,C,H
T,E,M,P,O
D,R,O,O,P
P,L,A,T,E
B,I,B,L,E
P,L,U,N,K
A,F,O,U,L
S,A,V,O,Y
S,T,E,E,P
A,G,I,L,E
S,T,A,K,E
D,W,E,L,L
K,N,A,V,E
B,E,A,R,D
A,R,O,S,E
M,O,T,I,F
S,M,A,S,H
B,R,O,I,L
G,L,A,R,E
S,H,O,V,E
B,A,G,G,Y
M,A,M,M,Y
S,W,A,M,P
A,L,O,N,G
R,U,G,B,Y
W,A,G,E,R
Q,U,A,C,K
S,Q,U,A,T
S,N,A,K,Y
D,E,B,I,T
M,A,N,G,E
S,K,A,T,E
N,I,N,T,H
J,O,U,S,T
T,R,A,M,P
S,P,U,R,N
M,E,D,A,L
M,I,C,R,O
R,E,B,E,L
F,L,A,N,K
L,E,A,R,N
N,A,D,I,R
M,A,P,L,E
C,O,M,F,Y
R,E,M,I,T
G,R,U,F,F
E,S,T,E,R
L,E,A,S,T
M,O,G,U,L
F,E,T,C,H
C,A,U,S,E
O,A,K,E,N
A,G,L,O,W
M,E,A,T,Y
G,A,F,F,E
S,H,Y,L,Y
R,A,C,E,R
P,R,O,W,L
T,H,I,E,F
S,T,E,R,N
P,O,E,S,Y
R,O,C,K,Y
T,W,E,E,T
W,A,I,S,T
S,P,I,R,E
G,R,O,P,E
H,A,V,O,C
P,A,T,S,Y
T,R,U,L,Y
F,O,R,T,Y
D,E,I,T,Y
U,N,C,L,E
S,W,I,S,H
G,I,V,E,R
P,R,E,E,N
B,E,V,E,L
L,E,M,U,R
D,R,A,F,T
S,L,O,P,E
A,N,N,O,Y
L,I,N,G,O
B,L,E,A,K
D,I,T,T,Y
C,U,R,L,Y
C,E,D,A,R
D,I,R,G,E
G,R,O,W,N
H,O,R,D,E
D,R,O,O,L
S,H,U,C,K
C,R,Y,P,T
C,U,M,I,N
S,T,O,C,K
G,R,A,V,Y
L,O,C,U,S
W,I,D,E,R
B,R,E,E,D
Q,U,I,T,E
C,H,A,F,E
C,A,C,H,E
B,L,I,M,P
D,E,I,G,N
F,I,E,N,D
L,O,G,I,C
C,H,E,A,P
E,L,I,D,E
R,I,G,I,D
F,A,L,S,E
R,E,N,A,L
P,E,N,C,E
R,O,W,D,Y
S,H,O,O,T
B,L,A,Z,E
E,N,V,O,Y
P,O,S,S,E
B,R,I,E,F
N,E,V,E,R
A,B,O,R,T
M,O,U,S,E
M,U,C,K,Y
S,U,L,K,Y
F,I,E,R,Y
M,E,D,I,A
T,R,U,N,K
Y,E,A,S,T
C,L,E,A,R
S,K,U,N,K
S,C,A,L,P
B,I,T,T,Y
C,I,D,E,R
K,O,A,L,A
D,U,V,E,T
S,E,G,U,E
C,R,E,M,E
S,U,P,E,R
G,R,I,L,L
A,F,T,E,R
O,W,N,E,R
E,M,B,E,R
R,E,A,C,H
N,O,B,L,Y
E,M,P,T,Y
S,P,E,E,D
G,I,P,S,Y
R,E,C,U,R
S,M,O,C,K
D,R,E,A,D
M,E,R,G,E
B,U,R,S,T
K,A,P,P,A
A,M,I,T,Y
S,H,A,K,Y
H,O,V,E,R
C,A,R,O,L
S,N,O,R,T
S,Y,N,O,D
F,A,I,N,T
H,A,U,N,T
F,L,O,U,R
C,H,A,I,R
D,E,T,O,X
S,H,R,E,W
T,E,N,S,E
P,L,I,E,D
Q,U,A,R,K
B,U,R,L,Y
N,O,V,E,L
W,A,X,E,N
S,T,O,I,C
J,E,R,K,Y
B,L,I,T,Z
B,E,E,F,Y
L,Y,R,I,C
H,U,S,S,Y
T,O,W,E,L
Q,U,I,L,T
B,E,L,O,W
B,I,N,G,O
W,I,S,P,Y
B,R,A,S,H
S,C,O,N,E
T,O,A,S,T
E,A,S,E,L
S,A,U,C,Y
V,A,L,U,E
S,P,I,C,E
H,O,N,O,R
R,O,U,T,E
S,H,A,R,P
B,A,W,D,Y
R,A,D,I,I
S,K,U,L,L
P,H,O,N,Y
I,S,S,U,E
L,A,G,E,R
S,W,E,L,L
U,R,I,N,E
G,A,S,S,Y
T,R,I,A,L
F,L,O,R,A
U,P,P,E,R
L,A,T,C,H
W,I,G,H,T
B,R,I,C,K
R,E,T,R,Y
H,O,L,L,Y
D,E,C,A,L
G,R,A,S,S
S,H,A,C,K
D,O,G,M,A
M,O,V,E,R
D,E,F,E,R
S,O,B,E,R
O,P,T,I,C
C,R,I,E,R
V,Y,I,N,G
N,O,M,A,D
F,L,U,T,E
H,I,P,P,O
S,H,A,R,K
D,R,I,E,R
O,B,E,S,E
B,U,G,L,E
T,A,W,N,Y
C,H,A,L,K
F,E,A,S,T
R,U,D,D,Y
P,E,D,A,L
S,C,A,R,F
C,R,U,E,L
B,L,E,A,T
T,I,D,A,L
S,L,U,S,H
S,E,M,E,N
W,I,N,D,Y
D,U,S,T,Y
S,A,L,L,Y
I,G,L,O,O
N,E,R,D,Y
J,E,W,E,L
S,H,O,N,E
W,H,A,L,E
H,Y,M,E,N
A,B,U,S,E
F,U,G,U,E
E,L,B,O,W
C,R,U,M,B
P,A,N,S,Y
W,E,L,S,H
S,Y,R,U,P
T,E,R,S,E
S,U,A,V,E
G,A,M,U,T
S,W,U,N,G
D,R,A,K,E
F,R,E,E,D
A,F,I,R,E
S,H,I,R,T
G,R,O,U,T
O,D,D,L,Y
T,I,T,H,E
P,L,A,I,D
D,U,M,M,Y
B,R,O,O,M
B,L,I,N,D
T,O,R,C,H
E,N,E,M,Y
A,G,A,I,N
T,Y,I,N,G
P,E,S,K,Y
A,L,T,E,R
G,A,Z,E,R
N,O,B,L,E
E,T,H,O,S
B,R,I,D,E
E,X,T,O,L
D,E,C,O,R
H,O,B,B,Y
B,E,A,S,T
I,D,I,O,M
U,T,T,E,R
T,H,E,S,E
S,I,X,T,H
A,L,A,R,M
E,R,A,S,E
E,L,E,G,Y
S,P,U,N,K
P,I,P,E,R
S,C,A,L,Y
S,C,O,L,D
H,E,F,T,Y
C,H,I,C,K
S,O,O,T,Y
C,A,N,A,L
W,H,I,N,Y
S,L,A,S,H
Q,U,A,K,E
J,O,I,N,T
S,W,E,P,T
P,R,U,D,E
H,E,A,V,Y
W,I,E,L,D
F,E,M,M,E
L,A,S,S,O
M,A,I,Z,E
S,H,A,L,E
S,C,R,E,W
S,P,R,E,E
S,M,O,K,Y
W,H,I,F,F
S,C,E,N,T
G,L,A,D,E
S,P,E,N,T
P,R,I,S,M
S,T,O,K,E
R,I,P,E,R
O,R,B,I,T
C,O,C,O,A
G,U,I,L,T
H,U,M,U,S
S,H,U,S,H
T,A,B,L,E
S,M,I,R,K
W,R,O,N,G
N,O,I,S,Y
A,L,E,R,T
S,H,I,N,Y
E,L,A,T,E
R,E,S,I,N
W,H,O,L,E
H,U,N,C,H
P,I,X,E,L
P,O,L,A,R
H,O,T,E,L
S,W,O,R,D
C,L,E,A,T
M,A,N,G,O
R,U,M,B,A
P,U,F,F,Y
F,I,L,L,Y
B,I,L,L,Y
L,E,A,S,H
C,L,O,U,T
D,A,N,C,E
O,V,A,T,E
F,A,C,E,T
C,H,I,L,I
P,A,I,N,T
L,I,N,E,R
C,U,R,I,O
S,A,L,T,Y
A,U,D,I,O
S,N,A,K,E
F,A,B,L,E
C,L,O,A,K
N,A,V,E,L
S,P,U,R,T
P,E,S,T,O
B,A,L,M,Y
F,L,A,S,H
U,N,W,E,D
E,A,R,L,Y
C,H,U,R,N
W,E,E,D,Y
S,T,U,M,P
L,E,A,S,E
W,I,T,T,Y
W,I,M,P,Y
S,P,O,O,F
S,A,N,E,R
B,L,E,N,D
S,A,L,S,A
T,H,I,C,K
W,A,R,T,Y
M,A,N,I,C
B,L,A,R,E
S,Q,U,I,B
S,P,O,O,N
P,R,O,B,E
C,R,E,P,E
K,N,A,C,K
F,O,R,C,E
D,E,B,U,T
O,R,D,E,R
H,A,S,T,E
T,E,E,T,H
A,G,E,N,T
W,I,D,E,N
I,C,I,L,Y
S,L,I,C,E
I,N,G,O,T
C,L,A,S,H
J,U,R,O,R
B,L,O,O,D
A,B,O,D,E
T,H,R,O,W
U,N,I,T,Y
P,I,V,O,T
S,L,E,P,T
T,R,O,O,P
S,P,A,R,E
S,E,W,E,R
P,A,R,S,E
M,O,R,P,H
C,A,C,T,I
T,A,C,K,Y
S,P,O,O,L
D,E,M,O,N
M,O,O,D,Y
A,N,N,E,X
B,E,G,I,N
F,U,Z,Z,Y
P,A,T,C,H
W,A,T,E,R
L,U,M,P,Y
A,D,M,I,N
O,M,E,G,A
L,I,M,I,T
T,A,B,B,Y
M,A,C,H,O
A,I,S,L,E
S,K,I,F,F
B,A,S,I,S
P,L,A,N,K
V,E,R,G,E
B,O,T,C,H
C,R,A,W,L
L,O,U,S,Y
S,L,A,I,N
C,U,B,I,C
R,A,I,S,E
W,R,A,C,K
G,U,I,D,E
F,O,I,S,T
C,A,M,E,O
U,N,D,E,R
A,C,T,O,R
R,E,V,U,E
F,R,A,U,D
H,A,R,P,Y
S,C,O,O,P
C,L,I,M,B
R,E,F,E,R
O,L,D,E,N
C,L,E,R,K
D,E,B,A,R
T,A,L,L,Y
E,T,H,I,C
C,A,I,R,N
T,U,L,L,E
G,H,O,U,L
H,I,L,L,Y
C,R,U,D,E
A,P,A,R,T
S,C,A,L,E
O,L,D,E,R
P,L,A,I,N
S,P,E,R,M
B,R,I,N,Y
A,B,B,O,T
R,E,R,U,N
Q,U,E,S,T
C,R,I,S,P
B,O,U,N,D
B,E,F,I,T
D,R,A,W,N
S,U,I,T,E
I,T,C,H,Y
C,H,E,E,R
B,A,G,E,L
G,U,E,S,S
B,R,O,A,D
A,X,I,O,M
C,H,A,R,D
C,A,P,U,T
L,E,A,N,T
H,A,R,S,H
C,U,R,S,E
P,R,O,U,D
S,W,I,N,G
O,P,I,N,E
T,A,S,T,E
L,U,P,U,S
G,U,M,B,O
M,I,N,E,R
G,R,E,E,N
C,H,A,S,M
L,I,P,I,D
T,O,P,I,C
A,R,M,O,R
B,R,U,S,H
C,R,A,N,E
M,U,R,A,L
A,B,L,E,D
H,A,B,I,T
B,O,S,S,Y
M,A,K,E,R
D,U,S,K,Y
D,I,Z,Z,Y
L,I,T,H,E
B,R,O,O,K
J,A,Z,Z,Y
F,I,F,T,Y
S,E,N,S,E
G,I,A,N,T
S,U,R,L,Y
L,E,G,A,L
F,A,T,A,L
F,L,U,N,K
B,E,G,A,N
P,R,U,N,E
S,M,A,L,L
S,L,A,N,T
S,C,O,F,F
T,O,R,U,S
N,I,N,N,Y
C,O,V,E,Y
V,I,P,E,R
T,A,K,E,N
M,O,R,A,L
V,O,G,U,E
O,W,I,N,G
T,O,K,E,N
E,N,T,R,Y
B,O,O,T,H
V,O,T,E,R
C,H,I,D,E
E,L,F,I,N
E,B,O,N,Y
N,E,I,G,H
M,I,N,I,M
M,E,L,O,N
K,N,E,E,D
D,E,C,O,Y
V,O,I,L,A
A,N,K,L,E
A,R,R,O,W
M,U,S,H,Y
T,R,I,B,E
C,E,A,S,E
E,A,G,E,R
B,I,R,T,H
G,R,A,P,H
O,D,D,E,R
T,E,R,R,A
W,E,I,R,D
T,R,I,E,D
C,L,A,C,K
C,O,L,O,R
R,O,U,G,H
W,E,I,G,H
U,N,C,U,T
L,A,D,L,E
S,T,R,I,P
C,R,A,F,T
M,I,N,U,S
D,I,C,E,Y
T,I,T,A,N
L,U,C,I,D
V,I,C,A,R
D,R,E,S,S
D,I,T,C,H
G,Y,P,S,Y
P,A,S,T,A
T,A,F,F,Y
F,L,A,M,E
S,W,O,O,P
A,L,O,O,F
S,I,G,H,T
B,R,O,K,E
T,E,A,R,Y
C,H,A,R,T
S,I,X,T,Y
W,O,R,D,Y
S,H,E,E,R
L,E,P,E,R
N,O,S,E,Y
B,U,L,G,E
S,A,V,O,R
C,L,A,M,P
F,U,N,K,Y
F,O,A,M,Y
T,O,X,I,C
B,R,A,N,D
P,L,U,M,B
D,I,N,G,Y
B,U,T,T,E
D,R,I,L,L
T,R,I,P,E
B,I,C,E,P
T,E,N,O,R
K,R,I,L,L
W,O,R,S,E
D,R,A,M,A
H,Y,E,N,A
T,H,I,N,K
R,A,T,I,O
C,O,B,R,A
B,A,S,I,L
S,C,R,U,M
B,U,S,E,D
P,H,O,N,E
C,O,U,R,T
C,A,M,E,L
P,R,O,O,F
H,E,A,R,D
A,N,G,E,L
P,E,T,A,L
P,O,U,T,Y
T,H,R,O,B
M,A,Y,B,E
F,E,T,A,L
S,P,R,I,G
S,P,I,N,E
S,H,O,U,T
C,A,D,E,T
M,A,C,R,O
D,O,D,G,Y
S,A,T,Y,R
R,A,R,E,R
B,I,N,G,E
T,R,E,N,D
N,U,T,T,Y
L,E,A,P,T
A,M,I,S,S
S,P,L,I,T
M,Y,R,R,H
W,I,D,T,H
S,O,N,A,R
T,O,W,E,R
B,A,R,O,N
F,E,V,E,R
W,A,V,E,R
S,P,A,R,K
B,E,L,I,E
S,L,O,O,P
E,X,P,E,L
S,M,O,T,E
B,A,L,E,R
A,B,O,V,E
N,O,R,T,H
W,A,F,E,R
S,C,A,N,T
F,R,I,L,L
A,W,A,S,H
S,N,A,C,K
S,C,O,W,L
F,R,A,I,L
D,R,I,F,T
L,I,M,B,O
F,E,N,C,E
M,O,T,E,L
O,U,N,C,E
W,R,E,A,K
R,E,V,E,L
T,A,L,O,N
P,R,I,O,R
K,N,E,L,T
C,E,L,L,O
F,L,A,K,E
D,E,B,U,G
A,N,O,D,E
C,R,I,M,E
S,A,L,V,E
S,C,O,U,T
I,M,B,U,E
P,I,N,K,Y
S,T,A,V,E
V,A,G,U,E
C,H,O,C,K
F,I,G,H,T
V,I,D,E,O
S,T,O,N,E
T,E,A,C,H
C,L,E,F,T
F,R,O,S,T
P,R,A,W,N
B,O,O,T,Y
T,W,I,S,T
A,P,N,E,A
S,T,I,F,F
P,L,A,Z,A
L,E,D,G,E
T,W,E,A,K
B,O,A,R,D
G,R,A,N,T
M,E,D,I,C
B,A,C,O,N
C,A,B,L,E
B,R,A,W,L
S,L,U,N,K
R,A,S,P,Y
F,O,R,U,M
D,R,O,N,E
W,O,M,E,N
M,U,C,U,S
B,O,A,S,T
T,O,D,D,Y
C,O,V,E,N
T,U,M,O,R
T,R,U,E,R
W,R,A,T,H
S,T,A,L,L
S,T,E,A,M
A,X,I,A,L
P,U,R,E,R
D,A,I,L,Y
T,R,A,I,L
N,I,C,H,E
M,E,A,L,Y
J,U,I,C,E
N,Y,L,O,N
P,L,U,M,P
M,E,R,R,Y
F,L,A,I,L
P,A,P,A,L
W,H,E,A,T
B,E,R,R,Y
C,O,W,E,R
E,R,E,C,T
B,R,U,T,E
L,E,G,G,Y
S,N,I,P,E
S,I,N,E,W
S,K,I,E,R
P,E,N,N,Y
J,U,M,P,Y
R,A,L,L,Y
U,M,B,R,A
S,C,A,R,Y
M,O,D,E,M
G,R,O,S,S
A,V,I,A,N
G,R,E,E,D
S,A,T,I,N
T,O,N,I,C
P,A,R,K,A
S,N,I,F,F
L,I,V,I,D
S,T,A,R,K
T,R,U,M,P
G,I,D,D,Y
R,E,U,S,E
T,A,B,O,O
A,V,O,I,D
Q,U,O,T,E
D,E,V,I,L
L,I,K,E,N
G,L,O,S,S
G,A,Y,E,R
B,E,R,E,T
N,O,I,S,E
G,L,A,N,D
D,E,A,L,T
S,L,I,N,G
R,U,M,O,R
O,P,E,R,A
T,H,I,G,H
T,O,N,G,A
F,L,A,R,E
W,O,U,N,D
W,H,I,T,E
B,U,L,K,Y
E,T,U,D,E
H,O,R,S,E
C,I,R,C,A
P,A,D,D,Y
I,N,B,O,X
F,I,Z,Z,Y
G,R,A,I,N
E,X,E,R,T
S,U,R,G,E
G,L,E,A,M
B,E,L,L,E
S,A,L,V,O
C,R,U,S,H
F,R,U,I,T
S,A,P,P,Y
T,A,K,E,R
T,R,A,C,T
O,V,I,N,E
S,P,I,K,Y
F,R,A,N,K
R,E,E,D,Y
F,I,L,T,H
S,P,A,S,M
H,E,A,V,E
M,A,M,B,O
R,I,G,H,T
C,L,A,N,K
T,R,U,S,T
L,U,M,E,N
B,O,R,N,E
S,P,O,O,K
S,A,U,C,E
A,M,B,E,R
L,A,T,H,E
C,A,R,A,T
C,O,R,E,R
D,I,R,T,Y
S,L,Y,L,Y
A,F,F,I,X
A,L,L,O,Y
T,A,I,N,T
S,H,E,E,P
K,I,N,K,Y
W,O,O,L,Y
M,A,U,V,E
F,L,U,N,G
Y,A,C,H,T
F,R,I,E,D
Q,U,A,I,L
B,R,U,N,T
G,R,I,M,Y
C,U,R,V,Y
C,A,G,E,Y
R,I,N,S,E
D,E,U,C,E
S,T,A,T,E
G,R,A,S,P
M,I,L,K,Y
B,I,S,O,N
G,R,A,F,T
S,A,N,D,Y
B,A,S,T,E
F,L,A,S,K
H,E,D,G,E
G,I,R,L,Y
S,W,A,S,H
B,O,N,E,Y
C,O,U,P,E
E,N,D,O,W
A,B,H,O,R
W,E,L,C,H
B,L,A,D,E
T,I,G,H,T
G,E,E,S,E
M,I,S,E,R
M,I,R,T,H
C,L,O,U,D
C,A,B,A,L
L,E,E,C,H
C,L,O,S,E
T,E,N,T,H
P,E,C,A,N
D,R,O,I,T
G,R,A,I,L
C,L,O,N,E
G,U,I,S,E
R,A,L,P,H
T,A,N,G,O
B,I,D,D,Y
S,M,I,T,H
M,O,W,E,R
P,A,Y,E,E
S,E,R,I,F
D,R,A,P,E
F,I,F,T,H
S,P,A,N,K
G,L,A,Z,E
A,L,L,O,T
T,R,U,C,K
K,A,Y,A,K
V,I,R,U,S
T,E,S,T,Y
T,E,P,E,E
F,U,L,L,Y
Z,O,N,A,L
M,E,T,R,O
C,U,R,R,Y
G,R,A,N,D
B,A,N,J,O
A,X,I,O,N
B,E,Z,E,L
O,C,C,U,R
C,H,A,I,N
N,A,S,A,L
G,O,O,E,Y
F,I,L,E,R
B,R,A,C,E
A,L,L,A,Y
P,U,B,I,C
R,A,V,E,N
P,L,E,A,D
G,N,A,S,H
F,L,A,K,Y
M,U,N,C,H
D,U,L,L,Y
E,K,I,N,G
T,H,I,N,G
S,L,I,N,K
H,U,R,R,Y
T,H,E,F,T
S,H,O,R,N
P,Y,G,M,Y
R,A,N,C,H
W,R,I,N,G
L,E,M,O,N
S,H,O,R,E
M,A,M,M,A
F,R,O,Z,E
N,E,W,E,R
S,T,Y,L,E
M,O,O,S,E
A,N,T,I,C
D,R,O,W,N
V,E,G,A,N
C,H,E,S,S
G,U,P,P,Y
U,N,I,O,N
L,E,V,E,R
L,O,R,R,Y
I,M,A,G,E
C,A,B,B,Y
D,R,U,I,D
E,X,A,C,T
T,R,U,T,H
D,O,P,E,Y
S,P,E,A,R
C,R,I,E,D
C,H,I,M,E
C,R,O,N,Y
S,T,U,N,K
T,I,M,I,D
B,A,T,C,H
G,A,U,G,E
R,O,T,O,R
C,R,A,C,K
C,U,R,V,E
L,A,T,T,E
W,I,T,C,H
B,U,N,C,H
R,E,P,E,L
A,N,V,I,L
S,O,A,P,Y
M,E,T,E,R
B,R,O,T,H
M,A,D,L,Y
D,R,I,E,D
S,C,E,N,E
K,N,O,W,N
M,A,G,M,A
R,O,O,S,T
W,O,M,A,N
T,H,O,N,G
P,U,N,C,H
P,A,S,T,Y
D,O,W,N,Y
K,N,E,A,D
W,H,I,R,L
R,A,P,I,D
C,L,A,N,G
A,N,G,E,R
D,R,I,V,E
G,O,O,F,Y
E,M,A,I,L
M,U,S,I,C
S,T,U,F,F
B,L,E,E,P
R,I,D,E,R
M,E,C,C,A
F,O,L,I,O
S,E,T,U,P
V,E,R,S,O
Q,U,A,S,H
F,A,U,N,A
G,U,M,M,Y
H,A,P,P,Y
N,E,W,L,Y
F,U,S,S,Y
R,E,L,I,C
G,U,A,V,A
R,A,T,T,Y
F,U,D,G,E
F,E,M,U,R
C,H,I,R,P
F,O,R,T,E
A,L,I,B,I
W,H,I,N,E
P,E,T,T,Y
G,O,L,L,Y
P,L,A,I,T
F,L,E,C,K
F,E,L,O,N
G,O,U,R,D
B,R,O,W,N
T,H,R,U,M
F,I,C,U,S
S,T,A,S,H
D,E,C,R,Y
W,I,S,E,R
J,U,N,T,A
V,I,S,O,R
D,A,U,N,T
S,C,R,E,E
I,M,P,E,L
A,W,A,I,T
P,R,E,S,S
W,H,O,S,E
T,U,R,B,O
S,T,O,O,P
S,P,E,A,K
M,A,N,G,Y
E,Y,I,N,G
I,N,L,E,T
C,R,O,N,E
P,U,L,S,E
M,O,S,S,Y
S,T,A,I,D
H,E,N,C,E
P,I,N,C,H
T,E,D,D,Y
S,U,L,L,Y
S,N,O,R,E
R,I,P,E,N
S,N,O,W,Y
A,T,T,I,C
G,O,I,N,G
L,E,A,C,H
M,O,U,T,H
H,O,U,N,D
C,L,U,M,P
T,O,N,A,L
B,I,G,O,T
P,E,R,I,L
P,I,E,C,E
B,L,A,M,E
H,A,U,T,E
S,P,I,E,D
U,N,D,I,D
I,N,T,R,O
B,A,S,A,L
S,H,I,N,E
G,E,C,K,O
R,O,D,E,O
G,U,A,R,D
S,T,E,E,R
L,O,A,M,Y
S,C,A,M,P
S,C,R,A,M
M,A,N,L,Y
H,E,L,L,O
V,A,U,N,T
O,R,G,A,N
F,E,R,A,L
K,N,O,C,K
E,X,T,R,A
C,O,N,D,O
A,D,A,P,T
W,I,L,L,Y
P,O,L,K,A
R,A,Y,O,N
S,K,I,R,T
F,A,I,T,H
T,O,R,S,O
M,A,T,C,H
M,E,R,C,Y
T,E,P,I,D
S,L,E,E,K
R,I,S,E,R
T,W,I,X,T
P,E,A,C,E
F,L,U,S,H
C,A,T,T,Y
L,O,G,I,N
E,J,E,C,T
R,O,G,E,R
R,I,V,A,L
U,N,T,I,E
R,E,F,I,T
A,O,R,T,A
A,D,U,L,T
J,U,D,G,E
R,O,W,E,R
A,R,T,S,Y
R,U,R,A,L
S,H,A,V,E
